num_res,num_rot,alpha,p,shots,mean_iter,mean_shots,num_qubits
6,3,0.2,4,15,21.0,315.0,18
6,3,0.2,4,20,14.0,280.0,18
6,3,0.2,4,30,13.0,390.0,18
6,3,0.2,4,40,15.0,600.0,18
6,3,0.2,4,45,23.0,1035.0,18
6,3,0.2,4,50,10.0,500.0,18
6,4,0.2,4,15,17.0,255.0,24
6,4,0.2,4,20,22.0,440.0,24
6,4,0.2,4,25,20.0,500.0,24
6,4,0.2,4,30,13.0,390.0,24
6,4,0.2,4,35,19.0,665.0,24
6,4,0.2,4,45,42.0,1890.0,24
6,4,0.2,4,50,22.0,1100.0,24
7,3,0.2,4,15,61.0,915.0,21
7,3,0.2,4,20,25.0,500.0,21
7,3,0.2,4,25,15.0,375.0,21
7,3,0.2,4,30,10.0,300.0,21
7,3,0.2,4,35,3.0,105.0,21
7,3,0.2,4,40,11.0,440.0,21
7,3,0.2,4,45,27.0,1215.0,21
7,3,0.2,4,50,12.0,600.0,21
4,3,0.2,2,15,1.0,15.0,12
4,3,0.2,2,20,3.0,60.0,12
4,3,0.2,2,25,1.0,25.0,12
4,3,0.2,2,30,3.0,90.0,12
4,3,0.2,2,35,1.0,35.0,12
4,3,0.2,3,15,13.0,195.0,12
4,3,0.2,3,20,8.0,160.0,12
4,3,0.2,3,25,5.0,125.0,12
4,3,0.2,3,30,7.0,210.0,12
4,3,0.2,3,35,5.0,175.0,12
4,3,0.2,4,15,4.0,60.0,12
4,3,0.2,4,20,1.0,20.0,12
4,3,0.2,4,25,17.0,425.0,12
4,3,0.2,4,30,10.0,300.0,12
4,3,0.2,4,35,2.0,70.0,12
4,3,0.2,5,15,9.0,135.0,12
4,3,0.2,5,20,2.0,40.0,12
4,3,0.2,5,25,1.0,25.0,12
4,3,0.2,5,30,23.0,690.0,12
4,3,0.2,5,35,1.0,35.0,12
4,3,0.2,6,15,13.0,195.0,12
4,3,0.2,6,20,2.0,40.0,12
4,3,0.2,6,25,23.0,575.0,12
4,3,0.2,6,30,2.0,60.0,12
4,3,0.2,6,35,1.0,35.0,12
4,3,0.2,7,15,1.0,15.0,12
4,3,0.2,7,20,2.0,40.0,12
4,3,0.2,7,25,7.0,175.0,12
4,3,0.2,7,30,6.0,180.0,12
4,3,0.2,7,35,5.0,175.0,12
4,4,0.2,2,20,19.0,380.0,16
4,4,0.2,2,25,16.0,400.0,16
4,4,0.2,2,30,2.0,60.0,16
4,4,0.2,2,35,5.0,175.0,16
4,4,0.2,3,15,23.0,345.0,16
4,4,0.2,3,20,32.0,640.0,16
4,4,0.2,3,25,1.0,25.0,16
4,4,0.2,3,30,7.0,210.0,16
4,4,0.2,3,35,13.0,455.0,16
4,4,0.2,4,15,41.0,615.0,16
4,4,0.2,4,20,19.0,380.0,16
4,4,0.2,4,25,24.0,600.0,16
4,4,0.2,4,30,12.0,360.0,16
4,4,0.2,4,35,8.0,280.0,16
4,4,0.2,5,15,5.0,75.0,16
4,4,0.2,5,20,10.0,200.0,16
4,4,0.2,5,25,20.0,500.0,16
4,4,0.2,5,30,11.0,330.0,16
4,4,0.2,5,35,11.0,385.0,16
4,4,0.2,6,15,9.0,135.0,16
4,4,0.2,6,20,6.0,120.0,16
4,4,0.2,6,25,9.0,225.0,16
4,4,0.2,6,30,2.0,60.0,16
4,4,0.2,6,35,8.0,280.0,16
4,4,0.2,7,15,43.0,645.0,16
4,4,0.2,7,20,17.0,340.0,16
4,4,0.2,7,25,28.0,700.0,16
4,4,0.2,7,30,6.0,180.0,16
4,4,0.2,7,35,4.0,140.0,16
5,3,0.2,2,15,17.0,255.0,15
5,3,0.2,2,20,8.0,160.0,15
5,3,0.2,2,25,4.0,100.0,15
5,3,0.2,2,30,1.0,30.0,15
5,3,0.2,2,35,4.0,140.0,15
5,3,0.2,3,15,16.0,240.0,15
5,3,0.2,3,20,6.0,120.0,15
5,3,0.2,3,25,10.0,250.0,15
5,3,0.2,3,30,67.0,2010.0,15
5,3,0.2,3,35,14.0,490.0,15
5,3,0.2,4,15,3.0,45.0,15
5,3,0.2,4,20,15.0,300.0,15
5,3,0.2,4,25,1.0,25.0,15
5,3,0.2,4,30,58.0,1740.0,15
5,3,0.2,4,35,1.0,35.0,15
5,3,0.2,5,20,1.0,20.0,15
5,3,0.2,5,25,2.0,50.0,15
5,3,0.2,5,30,6.0,180.0,15
5,3,0.2,5,35,16.0,560.0,15
5,3,0.2,6,15,36.0,540.0,15
5,3,0.2,6,20,32.0,640.0,15
5,3,0.2,6,25,5.0,125.0,15
5,3,0.2,6,30,2.0,60.0,15
5,3,0.2,6,35,8.0,280.0,15
5,3,0.2,7,15,24.0,360.0,15
5,3,0.2,7,20,2.0,40.0,15
5,3,0.2,7,25,11.0,275.0,15
5,3,0.2,7,30,6.0,180.0,15
5,3,0.2,7,35,21.0,735.0,15
5,4,0.2,2,15,38.0,570.0,20
5,4,0.2,2,20,27.0,540.0,20
5,4,0.2,2,25,33.0,825.0,20
5,4,0.2,2,30,1.0,30.0,20
5,4,0.2,2,35,1.0,35.0,20
5,4,0.2,3,15,24.0,360.0,20
5,4,0.2,3,20,6.0,120.0,20
5,4,0.2,3,25,9.0,225.0,20
5,4,0.2,3,30,12.0,360.0,20
5,4,0.2,3,35,28.0,980.0,20
5,4,0.2,4,15,3.0,45.0,20
5,4,0.2,4,20,12.0,240.0,20
5,4,0.2,4,25,9.0,225.0,20
5,4,0.2,4,30,8.0,240.0,20
5,4,0.2,4,35,21.0,735.0,20
5,4,0.2,5,15,43.0,645.0,20
5,4,0.2,5,20,16.0,320.0,20
5,4,0.2,5,25,16.0,400.0,20
5,4,0.2,5,30,35.0,1050.0,20
5,4,0.2,5,35,1.0,35.0,20
5,4,0.2,6,15,56.0,840.0,20
5,4,0.2,6,20,18.0,360.0,20
5,4,0.2,6,25,25.0,625.0,20
5,4,0.2,6,30,15.0,450.0,20
5,4,0.2,6,35,16.0,560.0,20
5,4,0.2,7,15,25.0,375.0,20
5,4,0.2,7,20,18.0,360.0,20
5,4,0.2,7,25,55.0,1375.0,20
5,4,0.2,7,30,28.0,840.0,20
4,5,0.2,2,25,28.0,700.0,20
4,5,0.2,2,30,28.0,840.0,20
4,5,0.2,3,25,36.0,900.0,20
4,5,0.2,3,35,4.0,140.0,20
4,5,0.2,3,40,4.0,160.0,20
4,5,0.2,4,25,10.0,250.0,20
4,5,0.2,4,30,5.0,150.0,20
4,5,0.2,4,35,19.0,665.0,20
4,5,0.2,5,30,13.0,390.0,20
4,5,0.2,5,40,3.0,120.0,20
4,5,0.2,6,35,6.0,210.0,20
4,5,0.2,6,40,23.0,920.0,20
4,5,0.2,7,25,1.0,25.0,20
4,5,0.2,7,35,3.0,105.0,20
4,5,0.2,7,40,4.0,160.0,20
5,5,0.2,5,25,34.0,850.0,25
3,3,0.2,1,10,5.0,50.0,9
3,3,0.2,1,15,2.0,30.0,9
3,3,0.2,1,20,2.0,40.0,9
3,3,0.2,1,25,1.0,25.0,9
3,3,0.2,1,30,6.0,180.0,9
3,3,0.2,1,35,8.0,280.0,9
3,3,0.2,2,10,4.0,40.0,9
3,3,0.2,2,15,3.0,45.0,9
3,3,0.2,2,20,1.0,20.0,9
3,3,0.2,2,25,1.0,25.0,9
3,3,0.2,2,30,2.0,60.0,9
3,3,0.2,2,35,2.0,70.0,9
3,3,0.2,3,10,11.0,110.0,9
3,3,0.2,3,15,5.0,75.0,9
3,3,0.2,3,20,2.0,40.0,9
3,3,0.2,3,25,4.0,100.0,9
3,3,0.2,3,30,1.0,30.0,9
3,3,0.2,3,35,2.0,70.0,9
3,3,0.2,4,10,1.0,10.0,9
3,3,0.2,4,15,1.0,15.0,9
3,3,0.2,4,20,1.0,20.0,9
3,3,0.2,4,25,1.0,25.0,9
3,3,0.2,4,30,1.0,30.0,9
3,3,0.2,4,35,1.0,35.0,9
3,3,0.2,5,10,1.0,10.0,9
3,3,0.2,5,15,1.0,15.0,9
3,3,0.2,5,20,1.0,20.0,9
3,3,0.2,5,25,1.0,25.0,9
3,3,0.2,5,30,1.0,30.0,9
3,3,0.2,5,35,1.0,35.0,9
3,3,0.2,6,10,1.0,10.0,9
3,3,0.2,6,15,1.0,15.0,9
3,3,0.2,6,20,1.0,20.0,9
3,3,0.2,6,25,1.0,25.0,9
3,3,0.2,6,30,1.0,30.0,9
3,3,0.2,6,35,1.0,35.0,9
3,3,0.2,7,10,1.0,10.0,9
3,3,0.2,7,15,1.0,15.0,9
3,3,0.2,7,20,1.0,20.0,9
3,3,0.2,7,25,1.0,25.0,9
3,3,0.2,7,30,4.0,120.0,9
3,3,0.2,7,35,1.0,35.0,9
3,4,0.2,1,10,7.0,70.0,12
3,4,0.2,1,15,2.0,30.0,12
3,4,0.2,1,20,3.0,60.0,12
3,4,0.2,1,25,3.0,75.0,12
3,4,0.2,1,30,1.0,30.0,12
3,4,0.2,1,35,3.0,105.0,12
3,4,0.2,2,10,11.0,110.0,12
3,4,0.2,2,15,1.0,15.0,12
3,4,0.2,2,20,1.0,20.0,12
3,4,0.2,2,25,2.0,50.0,12
3,4,0.2,2,30,4.0,120.0,12
3,4,0.2,2,35,2.0,70.0,12
3,4,0.2,3,10,2.0,20.0,12
3,4,0.2,3,15,4.0,60.0,12
3,4,0.2,3,20,2.0,40.0,12
3,4,0.2,3,25,5.0,125.0,12
3,4,0.2,3,30,2.0,60.0,12
3,4,0.2,3,35,1.0,35.0,12
3,4,0.2,4,10,2.0,20.0,12
3,4,0.2,4,15,2.0,30.0,12
3,4,0.2,4,20,7.0,140.0,12
3,4,0.2,4,25,2.0,50.0,12
3,4,0.2,4,30,2.0,60.0,12
3,4,0.2,4,35,1.0,35.0,12
3,4,0.2,5,10,5.0,50.0,12
3,4,0.2,5,15,8.0,120.0,12
3,4,0.2,5,20,1.0,20.0,12
3,4,0.2,5,25,1.0,25.0,12
3,4,0.2,5,30,1.0,30.0,12
3,4,0.2,5,35,4.0,140.0,12
3,4,0.2,6,10,9.0,90.0,12
3,4,0.2,6,15,3.0,45.0,12
3,4,0.2,6,20,3.0,60.0,12
3,4,0.2,6,25,10.0,250.0,12
3,4,0.2,6,30,1.0,30.0,12
3,4,0.2,6,35,3.0,105.0,12
3,4,0.2,7,10,1.0,10.0,12
3,4,0.2,7,15,1.0,15.0,12
3,4,0.2,7,20,3.0,60.0,12
3,4,0.2,7,25,1.0,25.0,12
3,4,0.2,7,30,1.0,30.0,12
3,4,0.2,7,35,2.0,70.0,12
3,5,0.2,1,10,21.0,210.0,15
3,5,0.2,1,15,4.0,60.0,15
3,5,0.2,1,20,10.0,200.0,15
3,5,0.2,1,25,2.0,50.0,15
3,5,0.2,1,30,6.0,180.0,15
3,5,0.2,2,15,19.0,285.0,15
3,5,0.2,2,25,1.0,25.0,15
3,5,0.2,2,30,21.0,630.0,15
3,5,0.2,2,35,17.0,595.0,15
3,5,0.2,3,15,13.0,195.0,15
3,5,0.2,3,20,18.0,360.0,15
3,5,0.2,3,25,13.0,325.0,15
3,5,0.2,3,30,1.0,30.0,15
3,5,0.2,3,35,19.0,665.0,15
3,5,0.2,4,10,40.0,400.0,15
3,5,0.2,4,15,29.0,435.0,15
3,5,0.2,4,25,18.0,450.0,15
3,5,0.2,4,30,15.0,450.0,15
3,5,0.2,4,35,5.0,175.0,15
3,5,0.2,5,10,25.0,250.0,15
3,5,0.2,5,15,3.0,45.0,15
3,5,0.2,5,20,5.0,100.0,15
3,5,0.2,5,25,31.0,775.0,15
3,5,0.2,5,30,30.0,900.0,15
3,5,0.2,5,35,9.0,315.0,15
3,5,0.2,6,10,42.0,420.0,15
3,5,0.2,6,15,7.0,105.0,15
3,5,0.2,6,20,3.0,60.0,15
3,5,0.2,6,25,17.0,425.0,15
3,5,0.2,6,30,5.0,150.0,15
3,5,0.2,6,35,51.0,1785.0,15
3,5,0.2,7,10,23.0,230.0,15
3,5,0.2,7,15,24.0,360.0,15
3,5,0.2,7,20,78.0,1560.0,15
3,5,0.2,7,25,6.0,150.0,15
3,5,0.2,7,30,22.0,660.0,15
3,5,0.2,7,35,8.0,280.0,15
4,3,0.2,1,15,5.0,75.0,12
4,3,0.2,1,20,12.0,240.0,12
4,3,0.2,1,25,8.0,200.0,12
4,3,0.2,1,30,1.0,30.0,12
4,3,0.2,1,35,2.0,70.0,12
4,3,0.2,2,10,9.0,90.0,12
4,3,0.2,2,15,5.0,75.0,12
4,3,0.2,2,20,13.0,260.0,12
4,3,0.2,2,25,2.0,50.0,12
4,3,0.2,2,30,3.0,90.0,12
4,3,0.2,2,35,2.0,70.0,12
4,3,0.2,3,10,24.0,240.0,12
4,3,0.2,3,15,27.0,405.0,12
4,3,0.2,3,20,13.0,260.0,12
4,3,0.2,3,25,8.0,200.0,12
4,3,0.2,3,30,8.0,240.0,12
4,3,0.2,3,35,2.0,70.0,12
4,3,0.2,4,10,3.0,30.0,12
4,3,0.2,4,15,14.0,210.0,12
4,3,0.2,4,20,12.0,240.0,12
4,3,0.2,4,25,8.0,200.0,12
4,3,0.2,4,30,3.0,90.0,12
4,3,0.2,4,35,4.0,140.0,12
4,3,0.2,5,10,8.0,80.0,12
4,3,0.2,5,15,3.0,45.0,12
4,3,0.2,5,20,3.0,60.0,12
4,3,0.2,5,25,8.0,200.0,12
4,3,0.2,5,30,6.0,180.0,12
4,3,0.2,5,35,1.0,35.0,12
4,3,0.2,6,10,11.0,110.0,12
4,3,0.2,6,15,4.0,60.0,12
4,3,0.2,6,20,13.0,260.0,12
4,3,0.2,6,25,3.0,75.0,12
4,3,0.2,6,30,6.0,180.0,12
4,3,0.2,6,35,3.0,105.0,12
4,3,0.2,7,10,21.0,210.0,12
4,3,0.2,7,15,9.0,135.0,12
4,3,0.2,7,20,9.0,180.0,12
4,3,0.2,7,25,4.0,100.0,12
4,3,0.2,7,30,6.0,180.0,12
4,3,0.2,7,35,1.0,35.0,12
4,4,0.2,1,10,6.0,60.0,16
4,4,0.2,1,20,14.0,280.0,16
4,4,0.2,1,25,17.0,425.0,16
4,4,0.2,1,30,9.0,270.0,16
4,4,0.2,1,35,2.0,70.0,16
4,4,0.2,2,20,5.0,100.0,16
4,4,0.2,2,25,3.0,75.0,16
4,4,0.2,2,30,20.0,600.0,16
4,4,0.2,3,20,13.0,260.0,16
4,4,0.2,3,25,9.0,225.0,16
4,4,0.2,3,30,40.0,1200.0,16
4,4,0.2,3,35,10.0,350.0,16
4,4,0.2,4,20,3.0,60.0,16
4,4,0.2,4,25,3.0,75.0,16
4,4,0.2,4,30,12.0,360.0,16
4,4,0.2,4,35,18.0,630.0,16
4,4,0.2,5,10,21.0,210.0,16
4,4,0.2,5,15,43.0,645.0,16
4,4,0.2,5,20,29.0,580.0,16
4,4,0.2,5,30,9.0,270.0,16
4,4,0.2,5,35,5.0,175.0,16
4,4,0.2,6,10,32.0,320.0,16
4,4,0.2,6,15,16.0,240.0,16
4,4,0.2,6,20,14.0,280.0,16
4,4,0.2,6,25,26.0,650.0,16
4,4,0.2,6,30,6.0,180.0,16
4,4,0.2,6,35,6.0,210.0,16
4,4,0.2,7,10,46.0,460.0,16
4,4,0.2,7,15,24.0,360.0,16
4,4,0.2,7,25,1.0,25.0,16
4,4,0.2,7,30,47.0,1410.0,16
4,4,0.2,7,35,3.0,105.0,16
4,5,0.2,1,15,11.0,165.0,20
4,5,0.2,1,30,20.0,600.0,20
4,5,0.2,2,10,5.0,50.0,20
4,5,0.2,2,15,10.0,150.0,20
4,5,0.2,2,20,12.0,240.0,20
4,5,0.2,2,25,11.0,275.0,20
4,5,0.2,2,30,33.0,990.0,20
4,5,0.2,2,35,14.0,490.0,20
4,5,0.2,3,20,19.0,380.0,20
4,5,0.2,3,30,5.0,150.0,20
4,5,0.2,3,35,28.0,980.0,20
4,5,0.2,4,10,23.0,230.0,20
4,5,0.2,4,15,6.0,90.0,20
4,5,0.2,4,25,19.0,475.0,20
4,5,0.2,4,35,13.0,455.0,20
4,5,0.2,5,15,31.0,465.0,20
4,5,0.2,5,20,47.0,940.0,20
4,5,0.2,5,25,12.0,300.0,20
4,5,0.2,5,30,17.0,510.0,20
4,5,0.2,5,35,69.0,2415.0,20
4,5,0.2,6,10,50.0,500.0,20
4,5,0.2,6,15,21.0,315.0,20
4,5,0.2,6,20,4.0,80.0,20
4,5,0.2,6,25,28.0,700.0,20
4,5,0.2,6,30,31.0,930.0,20
4,5,0.2,6,35,13.0,455.0,20
4,5,0.2,7,10,12.0,120.0,20
4,5,0.2,7,15,35.0,525.0,20
4,5,0.2,7,20,14.0,280.0,20
4,5,0.2,7,25,35.0,875.0,20
4,5,0.2,7,30,37.0,1110.0,20
3,3,0.2,1,10,8.0,80.0,9
3,3,0.2,1,15,6.0,90.0,9
3,3,0.2,2,10,1.0,10.0,9
3,3,0.2,2,15,1.0,15.0,9
3,3,0.2,3,10,5.0,50.0,9
3,3,0.2,3,15,2.0,30.0,9
3,3,0.2,4,10,6.0,60.0,9
3,3,0.2,4,15,3.0,45.0,9
3,3,0.2,5,10,1.0,10.0,9
3,3,0.2,5,15,8.0,120.0,9
3,3,0.2,6,10,1.0,10.0,9
3,3,0.2,6,15,1.0,15.0,9
3,3,0.2,7,10,1.0,10.0,9
6,3,0.2,1,20,9.0,180.0,18
6,3,0.2,2,20,14.0,280.0,18
6,3,0.2,3,20,17.0,340.0,18
6,3,0.2,4,20,33.0,660.0,18
6,3,0.2,5,20,14.0,280.0,18
6,3,0.2,6,20,72.0,1440.0,18
6,3,0.2,7,15,15.0,225.0,18
6,3,0.2,7,20,13.0,260.0,18
7,2,0.2,1,25,7.0,175.0,14
7,2,0.2,1,30,8.0,240.0,14
7,2,0.2,1,35,6.0,210.0,14
7,2,0.2,2,25,2.0,50.0,14
7,2,0.2,2,30,2.0,60.0,14
7,2,0.2,2,35,1.0,35.0,14
7,2,0.2,3,25,2.0,50.0,14
7,2,0.2,3,30,2.0,60.0,14
7,2,0.2,3,35,2.0,70.0,14
7,2,0.2,4,25,2.0,50.0,14
7,2,0.2,4,30,2.0,60.0,14
7,2,0.2,4,35,2.0,70.0,14
7,2,0.2,5,25,2.0,50.0,14
7,2,0.2,5,30,2.0,60.0,14
7,2,0.2,5,35,2.0,70.0,14
7,2,0.2,6,25,3.0,75.0,14
7,2,0.2,6,30,3.0,90.0,14
7,2,0.2,6,35,1.0,35.0,14
7,2,0.2,7,25,1.0,25.0,14
7,2,0.2,7,30,2.0,60.0,14
7,2,0.2,7,35,1.0,35.0,14
7,3,0.2,1,15,4.0,60.0,21
7,3,0.2,1,20,11.0,220.0,21
7,3,0.2,1,25,8.0,200.0,21
7,3,0.2,1,30,7.0,210.0,21
7,3,0.2,1,35,7.0,245.0,21
7,3,0.2,2,10,26.0,260.0,21
7,3,0.2,2,20,9.0,180.0,21
7,3,0.2,2,25,10.0,250.0,21
7,3,0.2,2,30,10.0,300.0,21
7,3,0.2,2,35,8.0,280.0,21
7,3,0.2,3,10,23.0,230.0,21
7,3,0.2,3,15,21.0,315.0,21
7,3,0.2,3,20,7.0,140.0,21
7,3,0.2,3,30,18.0,540.0,21
7,3,0.2,3,35,32.0,1120.0,21
7,3,0.2,4,15,7.0,105.0,21
7,3,0.2,4,20,14.0,280.0,21
7,3,0.2,4,25,25.0,625.0,21
7,3,0.2,4,30,11.0,330.0,21
7,3,0.2,4,35,24.0,840.0,21
7,3,0.2,5,10,29.0,290.0,21
7,3,0.2,5,15,9.0,135.0,21
7,3,0.2,5,20,19.0,380.0,21
7,3,0.2,5,25,52.0,1300.0,21
7,3,0.2,5,30,11.0,330.0,21
7,3,0.2,5,35,3.0,105.0,21
7,3,0.2,6,10,13.0,130.0,21
7,3,0.2,6,15,13.0,195.0,21
7,3,0.2,6,20,12.0,240.0,21
7,3,0.2,6,25,3.0,75.0,21
7,3,0.2,6,30,9.0,270.0,21
7,3,0.2,6,35,10.0,350.0,21
7,3,0.2,7,15,12.0,180.0,21
7,3,0.2,7,20,39.0,780.0,21
7,3,0.2,7,25,15.0,375.0,21
6,3,0.2,1,10,15.0,150.0,18
6,3,0.2,2,10,15.0,150.0,18
6,3,0.2,3,10,12.0,120.0,18
6,3,0.2,5,10,20.0,200.0,18
6,3,0.2,7,10,12.0,120.0,18
7,2,0.2,1,15,1.0,15.0,14
7,2,0.2,1,20,7.0,140.0,14
7,2,0.2,1,25,5.0,125.0,14
7,2,0.2,1,30,4.0,120.0,14
7,2,0.2,1,35,7.0,245.0,14
7,2,0.2,2,15,10.0,150.0,14
7,2,0.2,2,20,2.0,40.0,14
7,2,0.2,2,25,5.0,125.0,14
7,2,0.2,2,30,2.0,60.0,14
7,2,0.2,2,35,5.0,175.0,14
7,2,0.2,3,15,8.0,120.0,14
7,2,0.2,3,20,2.0,40.0,14
7,2,0.2,3,25,2.0,50.0,14
7,2,0.2,3,30,11.0,330.0,14
7,2,0.2,3,35,11.0,385.0,14
7,2,0.2,4,15,2.0,30.0,14
7,2,0.2,4,20,2.0,40.0,14
7,2,0.2,4,25,4.0,100.0,14
7,2,0.2,4,30,5.0,150.0,14
7,2,0.2,4,35,1.0,35.0,14
7,2,0.2,5,15,2.0,30.0,14
7,2,0.2,5,20,3.0,60.0,14
7,2,0.2,5,25,2.0,50.0,14
7,2,0.2,5,30,2.0,60.0,14
7,2,0.2,5,35,2.0,70.0,14
7,2,0.2,6,15,1.0,15.0,14
7,2,0.2,6,20,2.0,40.0,14
7,2,0.2,6,25,2.0,50.0,14
7,2,0.2,6,30,2.0,60.0,14
7,2,0.2,6,35,2.0,70.0,14
7,2,0.2,7,15,3.0,45.0,14
7,2,0.2,7,20,1.0,20.0,14
7,2,0.2,7,25,3.0,75.0,14
7,2,0.2,7,30,2.0,60.0,14
7,2,0.2,7,35,1.0,35.0,14
7,3,0.2,1,10,24.0,240.0,21
7,3,0.2,3,10,9.0,90.0,21
4,3,0.2,1,30,6.0,180.0,12
4,3,0.2,1,35,6.0,210.0,12
4,3,0.2,2,30,4.0,120.0,12
4,3,0.2,2,35,2.0,70.0,12
4,3,0.2,3,30,9.0,270.0,12
4,3,0.2,3,35,17.0,595.0,12
4,3,0.2,4,30,3.0,90.0,12
4,3,0.2,4,35,1.0,35.0,12
4,3,0.2,5,30,1.0,30.0,12
4,3,0.2,5,35,1.0,35.0,12
4,3,0.2,6,30,12.0,360.0,12
4,3,0.2,6,35,11.0,385.0,12
4,3,0.2,7,30,1.0,30.0,12
7,2,0.2,1,15,6.0,90.0,14
7,2,0.2,1,20,2.0,40.0,14
7,2,0.2,1,30,8.0,240.0,14
7,2,0.2,1,35,1.0,35.0,14
7,2,0.2,2,10,2.0,20.0,14
7,2,0.2,2,15,2.0,30.0,14
7,2,0.2,2,20,2.0,40.0,14
7,2,0.2,2,25,2.0,50.0,14
7,2,0.2,2,30,2.0,60.0,14
7,2,0.2,2,35,2.0,70.0,14
7,2,0.2,3,10,14.0,140.0,14
7,2,0.2,3,15,13.0,195.0,14
7,2,0.2,3,20,6.0,120.0,14
7,2,0.2,3,25,3.0,75.0,14
7,2,0.2,3,30,5.0,150.0,14
7,2,0.2,3,35,3.0,105.0,14
7,2,0.2,4,10,31.0,310.0,14
7,2,0.2,4,15,12.0,180.0,14
7,2,0.2,4,20,3.0,60.0,14
7,2,0.2,4,25,10.0,250.0,14
7,2,0.2,4,30,14.0,420.0,14
7,2,0.2,4,35,4.0,140.0,14
7,2,0.2,5,10,3.0,30.0,14
7,2,0.2,5,15,3.0,45.0,14
7,2,0.2,5,20,2.0,40.0,14
7,2,0.2,5,25,2.0,50.0,14
7,2,0.2,5,30,2.0,60.0,14
7,2,0.2,5,35,2.0,70.0,14
7,2,0.2,6,10,18.0,180.0,14
7,2,0.2,6,15,2.0,30.0,14
7,2,0.2,6,20,2.0,40.0,14
7,2,0.2,6,25,2.0,50.0,14
7,2,0.2,6,30,1.0,30.0,14
7,2,0.2,6,35,2.0,70.0,14
7,2,0.2,7,10,2.0,20.0,14
7,2,0.2,7,15,3.0,45.0,14
7,2,0.2,7,20,2.0,40.0,14
7,2,0.2,7,25,2.0,50.0,14
7,2,0.2,7,30,2.0,60.0,14
7,2,0.2,7,35,1.0,35.0,14
7,3,0.2,1,10,8.0,80.0,21
7,3,0.2,1,20,9.0,180.0,21
7,3,0.2,1,25,10.0,250.0,21
7,3,0.2,2,10,21.0,210.0,21
7,3,0.2,2,25,21.0,525.0,21
7,3,0.2,4,10,12.0,120.0,21
7,3,0.2,4,15,11.0,165.0,21
7,3,0.2,4,20,3.0,60.0,21
7,3,0.2,4,25,40.0,1000.0,21
7,3,0.2,5,10,10.0,100.0,21
7,3,0.2,5,20,15.0,300.0,21
7,3,0.2,5,25,27.0,675.0,21
7,3,0.2,6,10,12.0,120.0,21
7,3,0.2,6,15,39.0,585.0,21
7,3,0.2,6,20,11.0,220.0,21
7,3,0.2,6,25,3.0,75.0,21
7,3,0.2,7,10,10.0,100.0,21
7,3,0.2,7,20,39.0,780.0,21
7,3,0.2,7,25,13.0,325.0,21
7,3,0.2,7,30,27.0,810.0,21
6,3,0.2,1,20,6.0,120.0,18
6,3,0.2,1,25,2.0,50.0,18
6,3,0.2,1,30,10.0,300.0,18
6,3,0.2,1,35,6.0,210.0,18
6,3,0.2,1,40,8.0,320.0,18
6,3,0.2,1,45,3.0,135.0,18
6,3,0.2,1,50,6.0,300.0,18
6,3,0.2,2,15,25.0,375.0,18
6,3,0.2,2,20,13.0,260.0,18
6,3,0.2,2,25,9.0,225.0,18
6,3,0.2,2,30,11.0,330.0,18
6,3,0.2,2,35,8.0,280.0,18
6,3,0.2,2,40,9.0,360.0,18
6,3,0.2,2,45,8.0,360.0,18
6,3,0.2,2,50,16.0,800.0,18
6,3,0.2,3,20,41.0,820.0,18
6,3,0.2,3,25,10.0,250.0,18
6,3,0.2,3,30,2.0,60.0,18
6,3,0.2,3,35,36.0,1260.0,18
6,3,0.2,3,40,13.0,520.0,18
6,3,0.2,3,45,21.0,945.0,18
6,3,0.2,3,50,16.0,800.0,18
6,3,0.2,4,15,16.0,240.0,18
6,3,0.2,4,20,17.0,340.0,18
6,3,0.2,4,25,15.0,375.0,18
6,3,0.2,4,30,10.0,300.0,18
6,3,0.2,4,35,22.0,770.0,18
6,3,0.2,4,45,13.0,585.0,18
6,3,0.2,4,50,10.0,500.0,18
6,3,0.2,5,15,3.0,45.0,18
6,3,0.2,5,20,28.0,560.0,18
6,3,0.2,5,25,39.0,975.0,18
6,3,0.2,5,30,21.0,630.0,18
6,3,0.2,5,35,4.0,140.0,18
6,3,0.2,5,40,8.0,320.0,18
6,3,0.2,5,45,3.0,135.0,18
6,3,0.2,5,50,4.0,200.0,18
6,3,0.2,6,15,13.0,195.0,18
6,3,0.2,6,20,10.0,200.0,18
6,3,0.2,6,25,6.0,150.0,18
6,3,0.2,6,30,6.0,180.0,18
6,3,0.2,6,35,9.0,315.0,18
6,3,0.2,6,40,3.0,120.0,18
6,3,0.2,6,45,6.0,270.0,18
6,3,0.2,6,50,8.0,400.0,18
6,3,0.2,7,15,19.0,285.0,18
6,3,0.2,7,20,15.0,300.0,18
6,3,0.2,7,25,21.0,525.0,18
6,3,0.2,7,30,1.0,30.0,18
6,3,0.2,7,35,13.0,455.0,18
6,3,0.2,7,40,13.0,520.0,18
6,3,0.2,7,45,1.0,45.0,18
6,3,0.2,7,50,12.0,600.0,18
6,4,0.2,1,15,9.0,135.0,24
6,4,0.2,1,40,15.0,600.0,24
6,4,0.2,1,45,8.0,360.0,24
6,4,0.2,2,35,19.0,665.0,24
6,4,0.2,2,45,14.0,630.0,24
6,4,0.2,3,20,38.0,760.0,24
6,4,0.2,3,30,59.0,1770.0,24
6,4,0.2,3,35,11.0,385.0,24
6,4,0.2,3,40,48.0,1920.0,24
6,4,0.2,3,45,13.0,585.0,24
6,4,0.2,3,50,25.0,1250.0,24
6,4,0.2,4,20,55.0,1100.0,24
6,4,0.2,4,25,43.0,1075.0,24
6,4,0.2,4,30,57.0,1710.0,24
6,4,0.2,4,40,18.0,720.0,24
6,4,0.2,4,45,18.0,810.0,24
6,4,0.2,5,15,49.0,735.0,24
6,4,0.2,5,20,47.0,940.0,24
6,4,0.2,5,30,53.0,1590.0,24
6,4,0.2,5,35,25.0,875.0,24
6,4,0.2,5,40,84.0,3360.0,24
6,4,0.2,5,45,3.0,135.0,24
6,4,0.2,5,50,21.0,1050.0,24
6,4,0.2,6,25,31.0,775.0,24
6,4,0.2,6,30,24.0,720.0,24
6,4,0.2,6,35,34.0,1190.0,24
6,4,0.2,6,40,38.0,1520.0,24
6,4,0.2,6,50,16.0,800.0,24
6,4,0.2,7,20,108.0,2160.0,24
6,4,0.2,7,25,24.0,600.0,24
6,4,0.2,7,30,20.0,600.0,24
6,4,0.2,7,35,45.0,1575.0,24
6,4,0.2,7,40,43.0,1720.0,24
6,4,0.2,7,45,25.0,1125.0,24
6,4,0.2,7,50,7.0,350.0,24
7,3,0.2,1,15,23.0,345.0,21
7,3,0.2,1,20,15.0,300.0,21
7,3,0.2,1,30,4.0,120.0,21
7,3,0.2,1,40,4.0,160.0,21
7,3,0.2,1,45,11.0,495.0,21
7,3,0.2,1,50,11.0,550.0,21
7,3,0.2,2,20,16.0,320.0,21
7,3,0.2,2,25,4.0,100.0,21
7,3,0.2,2,30,10.0,300.0,21
7,3,0.2,2,35,15.0,525.0,21
7,3,0.2,2,40,1.0,40.0,21
7,3,0.2,2,45,14.0,630.0,21
7,3,0.2,3,20,18.0,360.0,21
7,3,0.2,3,25,35.0,875.0,21
7,3,0.2,3,30,13.0,390.0,21
7,3,0.2,3,35,5.0,175.0,21
7,3,0.2,3,40,37.0,1480.0,21
7,3,0.2,3,45,5.0,225.0,21
7,3,0.2,3,50,49.0,2450.0,21
7,3,0.2,4,15,25.0,375.0,21
7,3,0.2,4,20,28.0,560.0,21
7,3,0.2,4,25,18.0,450.0,21
7,3,0.2,4,35,26.0,910.0,21
7,3,0.2,4,40,35.0,1400.0,21
7,3,0.2,4,45,8.0,360.0,21
7,3,0.2,4,50,3.0,150.0,21
7,3,0.2,5,15,17.0,255.0,21
7,3,0.2,5,20,22.0,440.0,21
7,3,0.2,5,25,3.0,75.0,21
7,3,0.2,5,30,14.0,420.0,21
7,3,0.2,5,35,3.0,105.0,21
7,3,0.2,5,40,3.0,120.0,21
7,3,0.2,5,45,10.0,450.0,21
7,3,0.2,5,50,7.0,350.0,21
7,3,0.2,6,15,3.0,45.0,21
7,3,0.2,6,20,3.0,60.0,21
7,3,0.2,6,25,3.0,75.0,21
7,3,0.2,6,30,12.0,360.0,21
7,3,0.2,6,35,3.0,105.0,21
7,3,0.2,6,40,3.0,120.0,21
7,3,0.2,6,45,3.0,135.0,21
7,3,0.2,6,50,3.0,150.0,21
7,3,0.2,7,15,17.0,255.0,21
7,3,0.2,7,25,21.0,525.0,21
7,3,0.2,7,30,20.0,600.0,21
7,3,0.2,7,35,13.0,455.0,21
7,3,0.2,7,40,3.0,120.0,21
7,3,0.2,7,45,13.0,585.0,21
7,3,0.2,7,50,12.0,600.0,21
7,4,0.2,1,40,27.0,1080.0,28
2,2,0.05,1,10,4.0,40.0,4
2,2,0.05,1,50,1.0,50.0,4
2,2,0.05,1,100,1.0,100.0,4
2,2,0.05,1,500,1.0,500.0,4
2,2,0.05,2,10,2.0,20.0,4
2,2,0.05,2,50,1.0,50.0,4
2,2,0.05,2,100,1.0,100.0,4
2,2,0.05,2,500,1.0,500.0,4
2,2,0.1,1,10,4.0,40.0,4
2,2,0.1,1,50,1.0,50.0,4
2,2,0.1,1,100,1.0,100.0,4
2,2,0.1,1,500,1.0,500.0,4
2,2,0.1,2,10,2.0,20.0,4
2,2,0.1,2,50,1.0,50.0,4
2,2,0.1,2,100,1.0,100.0,4
2,2,0.1,2,500,1.0,500.0,4
2,2,0.25,1,10,4.0,40.0,4
2,2,0.25,1,50,1.0,50.0,4
2,2,0.25,1,100,1.0,100.0,4
2,2,0.25,1,500,1.0,500.0,4
2,2,0.25,2,10,2.0,20.0,4
2,2,0.25,2,50,1.0,50.0,4
2,2,0.25,2,100,1.0,100.0,4
2,2,0.25,2,500,1.0,500.0,4
2,2,0.5,1,10,4.0,40.0,4
2,2,0.5,1,50,1.0,50.0,4
2,2,0.5,1,100,1.0,100.0,4
2,2,0.5,1,500,1.0,500.0,4
2,2,0.5,2,10,2.0,20.0,4
2,2,0.5,2,50,1.0,50.0,4
2,2,0.5,2,100,1.0,100.0,4
2,2,0.5,2,500,1.0,500.0,4
2,2,1.0,1,10,4.0,40.0,4
2,2,1.0,1,50,1.0,50.0,4
2,2,1.0,1,100,1.0,100.0,4
2,2,1.0,1,500,1.0,500.0,4
2,2,1.0,2,10,2.0,20.0,4
2,2,1.0,2,50,1.0,50.0,4
2,2,1.0,2,100,1.0,100.0,4
2,2,1.0,2,500,1.0,500.0,4
2,3,0.05,1,10,5.0,50.0,6
2,3,0.05,1,50,1.0,50.0,6
2,3,0.05,1,100,1.0,100.0,6
2,3,0.05,1,500,1.0,500.0,6
2,3,0.05,2,10,2.0,20.0,6
2,3,0.05,2,50,2.0,100.0,6
2,3,0.05,2,100,2.0,200.0,6
2,3,0.05,2,500,2.0,1000.0,6
2,3,0.1,1,10,5.0,50.0,6
2,3,0.1,1,50,1.0,50.0,6
2,3,0.1,1,100,1.0,100.0,6
2,3,0.1,1,500,1.0,500.0,6
2,3,0.1,2,10,2.0,20.0,6
2,3,0.1,2,50,2.0,100.0,6
2,3,0.1,2,100,2.0,200.0,6
2,3,0.1,2,500,2.0,1000.0,6
2,3,0.25,1,10,5.0,50.0,6
2,3,0.25,1,50,1.0,50.0,6
2,3,0.25,1,100,1.0,100.0,6
2,3,0.25,1,500,1.0,500.0,6
2,3,0.25,2,10,2.0,20.0,6
2,3,0.25,2,50,2.0,100.0,6
2,3,0.25,2,100,2.0,200.0,6
2,3,0.25,2,500,2.0,1000.0,6
2,3,0.5,1,10,5.0,50.0,6
2,3,0.5,1,50,1.0,50.0,6
2,3,0.5,1,100,1.0,100.0,6
2,3,0.5,1,500,1.0,500.0,6
2,3,0.5,2,10,2.0,20.0,6
2,3,0.5,2,50,2.0,100.0,6
2,3,0.5,2,100,2.0,200.0,6
2,3,0.5,2,500,2.0,1000.0,6
2,3,1.0,1,10,5.0,50.0,6
2,3,1.0,1,50,1.0,50.0,6
2,3,1.0,1,100,1.0,100.0,6
2,3,1.0,1,500,1.0,500.0,6
2,3,1.0,2,10,2.0,20.0,6
2,3,1.0,2,50,2.0,100.0,6
2,3,1.0,2,100,2.0,200.0,6
2,3,1.0,2,500,2.0,1000.0,6
3,2,0.05,1,10,1.0,10.0,6
3,2,0.05,1,50,1.0,50.0,6
3,2,0.05,1,100,1.0,100.0,6
3,2,0.05,1,500,1.0,500.0,6
3,2,0.05,2,10,2.0,20.0,6
3,2,0.05,2,50,2.0,100.0,6
3,2,0.05,2,100,2.0,200.0,6
3,2,0.05,2,500,1.0,500.0,6
3,2,0.1,1,10,1.0,10.0,6
3,2,0.1,1,50,1.0,50.0,6
3,2,0.1,1,100,1.0,100.0,6
3,2,0.1,1,500,1.0,500.0,6
3,2,0.1,2,10,2.0,20.0,6
3,2,0.1,2,50,2.0,100.0,6
3,2,0.1,2,100,2.0,200.0,6
3,2,0.1,2,500,1.0,500.0,6
3,2,0.25,1,10,1.0,10.0,6
3,2,0.25,1,50,1.0,50.0,6
3,2,0.25,1,100,1.0,100.0,6
3,2,0.25,1,500,1.0,500.0,6
3,2,0.25,2,10,2.0,20.0,6
3,2,0.25,2,50,2.0,100.0,6
3,2,0.25,2,100,2.0,200.0,6
3,2,0.25,2,500,1.0,500.0,6
3,2,0.5,1,10,1.0,10.0,6
3,2,0.5,1,50,1.0,50.0,6
3,2,0.5,1,100,1.0,100.0,6
3,2,0.5,1,500,1.0,500.0,6
3,2,0.5,2,10,2.0,20.0,6
3,2,0.5,2,50,2.0,100.0,6
3,2,0.5,2,100,2.0,200.0,6
3,2,0.5,2,500,1.0,500.0,6
3,2,1.0,1,10,1.0,10.0,6
3,2,1.0,1,50,1.0,50.0,6
3,2,1.0,1,100,1.0,100.0,6
3,2,1.0,1,500,1.0,500.0,6
3,2,1.0,2,10,2.0,20.0,6
3,2,1.0,2,50,2.0,100.0,6
3,2,1.0,2,100,2.0,200.0,6
3,2,1.0,2,500,1.0,500.0,6
3,3,0.05,1,10,2.0,20.0,9
3,3,0.05,1,50,2.0,100.0,9
3,3,0.05,1,100,2.0,200.0,9
3,3,0.05,1,500,1.0,500.0,9
3,3,0.05,2,10,1.0,10.0,9
3,3,0.05,2,50,1.0,50.0,9
3,3,0.05,2,100,1.0,100.0,9
3,3,0.05,2,500,1.0,500.0,9
3,3,0.1,1,10,2.0,20.0,9
3,3,0.1,1,50,2.0,100.0,9
3,3,0.1,1,100,2.0,200.0,9
3,3,0.1,1,500,1.0,500.0,9
3,3,0.1,2,10,1.0,10.0,9
3,3,0.1,2,50,1.0,50.0,9
3,3,0.1,2,100,1.0,100.0,9
3,3,0.1,2,500,1.0,500.0,9
3,3,0.25,1,10,2.0,20.0,9
3,3,0.25,1,50,2.0,100.0,9
3,3,0.25,1,100,2.0,200.0,9
3,3,0.25,1,500,1.0,500.0,9
3,3,0.25,2,10,1.0,10.0,9
3,3,0.25,2,50,1.0,50.0,9
3,3,0.25,2,100,1.0,100.0,9
3,3,0.25,2,500,1.0,500.0,9
3,3,0.5,1,10,2.0,20.0,9
3,3,0.5,1,50,2.0,100.0,9
3,3,0.5,1,100,2.0,200.0,9
3,3,0.5,1,500,1.0,500.0,9
3,3,0.5,2,10,1.0,10.0,9
3,3,0.5,2,50,1.0,50.0,9
3,3,0.5,2,100,1.0,100.0,9
3,3,0.5,2,500,1.0,500.0,9
3,3,1.0,1,10,2.0,20.0,9
3,3,1.0,1,50,2.0,100.0,9
3,3,1.0,1,100,2.0,200.0,9
3,3,1.0,1,500,1.0,500.0,9
3,3,1.0,2,10,1.0,10.0,9
3,3,1.0,2,50,1.0,50.0,9
3,3,1.0,2,100,1.0,100.0,9
3,3,1.0,2,500,1.0,500.0,9
4,2,0.05,1,10,6.0,60.0,8
4,2,0.05,1,50,1.0,50.0,8
4,2,0.05,1,100,1.0,100.0,8
4,2,0.05,1,500,1.0,500.0,8
4,2,0.05,2,10,1.0,10.0,8
4,2,0.05,2,50,1.0,50.0,8
4,2,0.05,2,100,1.0,100.0,8
4,2,0.05,2,500,1.0,500.0,8
4,2,0.1,1,10,6.0,60.0,8
4,2,0.1,1,50,1.0,50.0,8
4,2,0.1,1,100,1.0,100.0,8
4,2,0.1,1,500,1.0,500.0,8
4,2,0.1,2,10,1.0,10.0,8
4,2,0.1,2,50,1.0,50.0,8
4,2,0.1,2,100,1.0,100.0,8
4,2,0.1,2,500,1.0,500.0,8
4,2,0.25,1,10,6.0,60.0,8
4,2,0.25,1,50,1.0,50.0,8
4,2,0.25,1,100,1.0,100.0,8
4,2,0.25,1,500,1.0,500.0,8
4,2,0.25,2,10,1.0,10.0,8
4,2,0.25,2,50,1.0,50.0,8
4,2,0.25,2,100,1.0,100.0,8
4,2,0.25,2,500,1.0,500.0,8
4,2,0.5,1,10,6.0,60.0,8
4,2,0.5,1,50,1.0,50.0,8
4,2,0.5,1,100,1.0,100.0,8
4,2,0.5,1,500,1.0,500.0,8
4,2,0.5,2,10,1.0,10.0,8
4,2,0.5,2,50,1.0,50.0,8
4,2,0.5,2,100,1.0,100.0,8
4,2,0.5,2,500,1.0,500.0,8
4,2,1.0,1,10,6.0,60.0,8
4,2,1.0,1,50,1.0,50.0,8
4,2,1.0,1,100,1.0,100.0,8
4,2,1.0,1,500,1.0,500.0,8
4,2,1.0,2,10,1.0,10.0,8
4,2,1.0,2,50,1.0,50.0,8
4,2,1.0,2,100,1.0,100.0,8
4,2,1.0,2,500,1.0,500.0,8
4,3,0.05,1,10,1.0,10.0,12
4,3,0.05,1,50,1.0,50.0,12
4,3,0.05,1,100,2.0,200.0,12
4,3,0.05,1,500,1.0,500.0,12
4,3,0.05,2,10,7.0,70.0,12
4,3,0.05,2,100,15.0,1500.0,12
4,3,0.05,2,500,1.0,500.0,12
4,3,0.1,1,10,1.0,10.0,12
4,3,0.1,1,50,1.0,50.0,12
4,3,0.1,1,100,2.0,200.0,12
4,3,0.1,1,500,1.0,500.0,12
4,3,0.1,2,10,7.0,70.0,12
4,3,0.1,2,100,9.0,900.0,12
4,3,0.1,2,500,1.0,500.0,12
4,3,0.25,1,10,1.0,10.0,12
4,3,0.25,1,50,1.0,50.0,12
4,3,0.25,1,100,2.0,200.0,12
4,3,0.25,1,500,1.0,500.0,12
4,3,0.25,2,100,12.0,1200.0,12
4,3,0.25,2,500,1.0,500.0,12
4,3,0.5,1,10,1.0,10.0,12
4,3,0.5,1,50,1.0,50.0,12
4,3,0.5,1,100,2.0,200.0,12
4,3,0.5,1,500,1.0,500.0,12
4,3,0.5,2,10,13.0,130.0,12
4,3,0.5,2,50,19.0,950.0,12
4,3,0.5,2,100,7.0,700.0,12
4,3,0.5,2,500,1.0,500.0,12
4,3,1.0,1,10,1.0,10.0,12
4,3,1.0,1,50,1.0,50.0,12
4,3,1.0,1,100,2.0,200.0,12
4,3,1.0,1,500,1.0,500.0,12
4,3,1.0,2,10,6.0,60.0,12
4,3,1.0,2,50,15.0,750.0,12
4,3,1.0,2,100,10.0,1000.0,12
4,3,1.0,2,500,1.0,500.0,12
5,2,0.05,1,50,5.0,250.0,10
5,2,0.05,1,500,1.0,500.0,10
5,2,0.05,2,10,1.0,10.0,10
5,2,0.05,2,50,1.0,50.0,10
5,2,0.05,2,100,1.0,100.0,10
5,2,0.05,2,500,1.0,500.0,10
5,2,0.1,1,50,5.0,250.0,10
5,2,0.1,1,100,7.0,700.0,10
5,2,0.1,1,500,1.0,500.0,10
5,2,0.1,2,10,1.0,10.0,10
5,2,0.1,2,50,1.0,50.0,10
5,2,0.1,2,100,1.0,100.0,10
5,2,0.1,2,500,1.0,500.0,10
5,2,0.25,1,50,7.0,350.0,10
5,2,0.25,1,100,7.0,700.0,10
5,2,0.25,1,500,1.0,500.0,10
5,2,0.25,2,10,1.0,10.0,10
5,2,0.25,2,50,1.0,50.0,10
5,2,0.25,2,100,1.0,100.0,10
5,2,0.25,2,500,1.0,500.0,10
5,2,0.5,1,50,9.0,450.0,10
5,2,0.5,1,500,1.0,500.0,10
5,2,0.5,2,10,1.0,10.0,10
5,2,0.5,2,50,1.0,50.0,10
5,2,0.5,2,100,1.0,100.0,10
5,2,0.5,2,500,1.0,500.0,10
5,2,1.0,1,500,1.0,500.0,10
5,2,1.0,2,10,1.0,10.0,10
5,2,1.0,2,50,1.0,50.0,10
5,2,1.0,2,100,1.0,100.0,10
5,2,1.0,2,500,1.0,500.0,10
5,3,0.05,1,50,8.0,400.0,15
5,3,0.05,1,100,8.0,800.0,15
5,3,0.05,1,500,1.0,500.0,15
5,3,0.05,2,50,2.0,100.0,15
5,3,0.05,2,100,2.0,200.0,15
5,3,0.05,2,500,2.0,1000.0,15
5,3,0.1,1,50,8.0,400.0,15
5,3,0.1,1,100,8.0,800.0,15
5,3,0.1,1,500,1.0,500.0,15
5,3,0.1,2,50,2.0,100.0,15
5,3,0.1,2,100,2.0,200.0,15
5,3,0.1,2,500,2.0,1000.0,15
5,3,0.25,1,10,15.0,150.0,15
5,3,0.25,1,50,8.0,400.0,15
5,3,0.25,1,100,8.0,800.0,15
5,3,0.25,1,500,1.0,500.0,15
5,3,0.25,2,10,12.0,120.0,15
5,3,0.25,2,50,2.0,100.0,15
5,3,0.25,2,100,2.0,200.0,15
5,3,0.25,2,500,2.0,1000.0,15
5,3,0.5,1,50,8.0,400.0,15
5,3,0.5,1,100,8.0,800.0,15
5,3,0.5,1,500,1.0,500.0,15
5,3,0.5,2,50,2.0,100.0,15
5,3,0.5,2,100,2.0,200.0,15
5,3,0.5,2,500,2.0,1000.0,15
5,3,1.0,1,50,8.0,400.0,15
5,3,1.0,1,100,8.0,800.0,15
5,3,1.0,1,500,1.0,500.0,15
5,3,1.0,2,50,2.0,100.0,15
5,3,1.0,2,100,2.0,200.0,15
5,3,1.0,2,500,2.0,1000.0,15
6,2,0.05,1,10,14.0,140.0,12
6,2,0.05,1,50,2.0,100.0,12
6,2,0.05,1,100,2.0,200.0,12
6,2,0.05,1,500,1.0,500.0,12
6,2,0.05,2,10,6.0,60.0,12
6,2,0.05,2,50,9.0,450.0,12
6,2,0.05,2,500,5.0,2500.0,12
6,2,0.1,1,10,14.0,140.0,12
6,2,0.1,1,50,2.0,100.0,12
6,2,0.1,1,100,2.0,200.0,12
6,2,0.1,1,500,1.0,500.0,12
6,2,0.1,2,10,6.0,60.0,12
6,2,0.1,2,50,11.0,550.0,12
6,2,0.1,2,100,7.0,700.0,12
6,2,0.1,2,500,5.0,2500.0,12
6,2,0.25,1,10,14.0,140.0,12
6,2,0.25,1,50,2.0,100.0,12
6,2,0.25,1,100,2.0,200.0,12
6,2,0.25,1,500,1.0,500.0,12
6,2,0.25,2,10,14.0,140.0,12
6,2,0.25,2,50,6.0,300.0,12
6,2,0.25,2,100,10.0,1000.0,12
6,2,0.25,2,500,5.0,2500.0,12
6,2,0.5,1,10,16.0,160.0,12
6,2,0.5,1,50,2.0,100.0,12
6,2,0.5,1,100,2.0,200.0,12
6,2,0.5,1,500,1.0,500.0,12
6,2,0.5,2,50,6.0,300.0,12
6,2,0.5,2,500,5.0,2500.0,12
6,2,1.0,1,10,16.0,160.0,12
6,2,1.0,1,50,2.0,100.0,12
6,2,1.0,1,100,2.0,200.0,12
6,2,1.0,1,500,1.0,500.0,12
6,2,1.0,2,10,7.0,70.0,12
6,2,1.0,2,50,9.0,450.0,12
6,2,1.0,2,100,8.0,800.0,12
6,2,1.0,2,500,5.0,2500.0,12
6,3,0.05,1,500,6.0,3000.0,18
6,3,0.05,2,50,8.0,400.0,18
6,3,0.05,2,100,8.0,800.0,18
6,3,0.05,2,500,10.0,5000.0,18
6,3,0.1,1,100,14.0,1400.0,18
6,3,0.1,1,500,6.0,3000.0,18
6,3,0.1,2,100,12.0,1200.0,18
6,3,0.1,2,500,6.0,3000.0,18
6,3,0.25,1,50,10.0,500.0,18
6,3,0.25,1,100,15.0,1500.0,18
6,3,0.25,1,500,5.0,2500.0,18
6,3,0.25,2,100,12.0,1200.0,18
6,3,0.25,2,500,7.0,3500.0,18
6,3,0.5,1,500,5.0,2500.0,18
6,3,0.5,2,10,7.0,70.0,18
6,3,0.5,2,50,20.0,1000.0,18
6,3,0.5,2,100,10.0,1000.0,18
6,3,0.5,2,500,6.0,3000.0,18
6,3,1.0,1,10,14.0,140.0,18
6,3,1.0,1,500,6.0,3000.0,18
6,3,1.0,2,50,12.0,600.0,18
6,3,1.0,2,100,11.0,1100.0,18
6,3,1.0,2,500,6.0,3000.0,18
7,2,0.05,1,50,2.0,100.0,14
7,2,0.05,1,100,2.0,200.0,14
7,2,0.05,1,500,1.0,500.0,14
7,2,0.05,2,10,12.0,120.0,14
7,2,0.05,2,50,9.0,450.0,14
7,2,0.05,2,100,8.0,800.0,14
7,2,0.05,2,500,1.0,500.0,14
7,2,0.1,1,50,2.0,100.0,14
7,2,0.1,1,100,2.0,200.0,14
7,2,0.1,1,500,1.0,500.0,14
7,2,0.1,2,10,12.0,120.0,14
7,2,0.1,2,50,10.0,500.0,14
7,2,0.1,2,100,5.0,500.0,14
7,2,0.1,2,500,1.0,500.0,14
7,2,0.25,1,50,2.0,100.0,14
7,2,0.25,1,100,2.0,200.0,14
7,2,0.25,1,500,1.0,500.0,14
7,2,0.25,2,10,14.0,140.0,14
7,2,0.25,2,50,12.0,600.0,14
7,2,0.25,2,100,5.0,500.0,14
7,2,0.25,2,500,1.0,500.0,14
7,2,0.5,1,50,2.0,100.0,14
7,2,0.5,1,100,2.0,200.0,14
7,2,0.5,1,500,1.0,500.0,14
7,2,0.5,2,10,9.0,90.0,14
7,2,0.5,2,50,5.0,250.0,14
7,2,0.5,2,100,5.0,500.0,14
7,2,0.5,2,500,1.0,500.0,14
7,2,1.0,1,10,25.0,250.0,14
7,2,1.0,1,50,2.0,100.0,14
7,2,1.0,1,100,2.0,200.0,14
7,2,1.0,1,500,1.0,500.0,14
7,2,1.0,2,50,5.0,250.0,14
7,2,1.0,2,100,5.0,500.0,14
7,2,1.0,2,500,1.0,500.0,14
7,3,0.05,2,500,21.0,10500.0,21
7,3,0.1,1,500,22.0,11000.0,21
7,3,0.1,2,50,28.0,1400.0,21
7,3,0.1,2,100,9.0,900.0,21
7,3,0.1,2,500,11.0,5500.0,21
7,3,0.25,1,500,8.0,4000.0,21
7,3,0.25,2,500,12.0,6000.0,21
7,3,0.5,1,500,8.0,4000.0,21
7,3,0.5,2,100,13.0,1300.0,21
7,3,0.5,2,500,16.0,8000.0,21
7,3,1.0,1,100,11.0,1100.0,21
7,3,1.0,1,500,11.0,5500.0,21
7,3,1.0,2,50,26.0,1300.0,21
7,3,1.0,2,100,15.0,1500.0,21
7,3,1.0,2,500,15.0,7500.0,21
8,2,0.05,1,50,15.0,750.0,16
8,2,0.05,1,500,2.0,1000.0,16
8,2,0.05,2,500,7.0,3500.0,16
8,2,0.1,1,50,8.0,400.0,16
8,2,0.1,1,500,2.0,1000.0,16
8,2,0.1,2,50,6.0,300.0,16
8,2,0.1,2,100,7.0,700.0,16
8,2,0.1,2,500,6.0,3000.0,16
8,2,0.25,1,10,18.0,180.0,16
8,2,0.25,1,100,10.0,1000.0,16
8,2,0.25,1,500,2.0,1000.0,16
8,2,0.25,2,500,8.0,4000.0,16
8,2,0.5,1,10,15.0,150.0,16
8,2,0.5,1,50,8.0,400.0,16
8,2,0.5,1,100,8.0,800.0,16
8,2,0.5,1,500,2.0,1000.0,16
8,2,0.5,2,10,18.0,180.0,16
8,2,0.5,2,500,10.0,5000.0,16
8,2,1.0,1,10,17.0,170.0,16
8,2,1.0,1,500,2.0,1000.0,16
8,2,1.0,2,50,24.0,1200.0,16
8,2,1.0,2,100,10.0,1000.0,16
8,2,1.0,2,500,11.0,5500.0,16
8,3,0.05,2,500,1.0,500.0,24
8,3,0.1,2,500,1.0,500.0,24
8,3,0.25,2,500,1.0,500.0,24
8,3,0.5,1,500,26.0,13000.0,24
8,3,0.5,2,500,1.0,500.0,24
8,3,1.0,2,100,8.0,800.0,24
8,3,1.0,2,500,1.0,500.0,24
9,2,0.05,1,100,11.0,1100.0,18
9,2,0.05,2,10,30.0,300.0,18
9,2,0.05,2,500,8.0,4000.0,18
9,2,0.1,1,100,9.0,900.0,18
9,2,0.1,2,10,30.0,300.0,18
9,2,0.1,2,100,16.0,1600.0,18
9,2,0.1,2,500,8.0,4000.0,18
9,2,0.25,1,10,23.0,230.0,18
9,2,0.25,1,100,8.0,800.0,18
9,2,0.25,1,500,8.0,4000.0,18
9,2,0.25,2,500,10.0,5000.0,18
9,2,0.5,1,50,20.0,1000.0,18
9,2,0.5,1,100,8.0,800.0,18
9,2,0.5,1,500,8.0,4000.0,18
9,2,0.5,2,50,12.0,600.0,18
9,2,0.5,2,500,25.0,12500.0,18
9,2,1.0,2,100,8.0,800.0,18
9,2,1.0,2,500,35.0,17500.0,18
9,3,0.05,2,500,7.0,3500.0,27
9,3,0.1,2,500,15.0,7500.0,27
9,3,0.25,2,500,22.0,11000.0,27
9,3,0.5,2,100,9.0,900.0,27
9,3,0.5,2,500,13.0,6500.0,27
9,3,1.0,2,500,13.0,6500.0,27
6,4,0.2,3,45,8.0,360.0,24
6,4,0.2,3,50,8.0,400.0,24
6,4,0.2,4,35,12.0,420.0,24
6,4,0.2,4,40,71.0,2840.0,24
6,4,0.2,4,45,98.0,4410.0,24
6,4,0.2,4,50,84.0,4200.0,24
6,4,0.2,5,50,78.0,3900.0,24
6,4,0.2,6,45,5.0,225.0,24
6,4,0.2,7,40,33.0,1320.0,24
5,5,0.2,4,35,27.0,945.0,25
5,5,0.2,6,45,3.0,135.0,25
5,5,0.2,7,35,22.0,770.0,25
9,3,0.2,3,45,1.0,45.0,27
7,4,0.2,4,50,4.0,200.0,28
5,5,0.2,6,40,12.0,480.0,25
5,5,0.2,6,45,3.0,135.0,25
5,5,0.2,7,40,9.0,360.0,25
5,5,0.2,7,55,2.0,110.0,25
2,2,0.2,4,5,1.0,5.0,4
2,2,0.2,4,10,1.0,10.0,4
2,2,0.2,4,15,1.0,15.0,4
2,3,0.2,4,5,1.5,7.5,6
2,3,0.2,4,10,1.5,15.0,6
2,3,0.2,4,15,1.0,15.0,6
2,4,0.2,4,5,8.0,40.0,8
2,4,0.2,4,10,2.0,20.0,8
2,4,0.2,4,15,1.0,15.0,8
2,5,0.2,4,5,10.0,50.0,10
2,5,0.2,4,10,10.0,100.0,10
2,5,0.2,4,15,6.0,90.0,10
3,2,0.2,4,5,1.0,5.0,6
3,2,0.2,4,10,1.0,10.0,6
3,2,0.2,4,15,1.0,15.0,6
3,3,0.2,4,5,2.0,10.0,9
3,3,0.2,4,10,1.0,10.0,9
3,3,0.2,4,15,3.0,45.0,9
3,4,0.2,4,5,5.0,25.0,12
3,4,0.2,4,10,3.0,30.0,12
3,4,0.2,4,15,1.0,15.0,12
4,2,0.2,4,5,4.0,20.0,8
4,2,0.2,4,10,1.0,10.0,8
4,2,0.2,4,15,1.0,15.0,8
4,3,0.2,4,5,72.0,360.0,12
4,3,0.2,4,10,19.0,190.0,12
4,3,0.2,4,15,2.0,30.0,12
5,2,0.2,4,5,13.0,65.0,10
5,2,0.2,4,10,3.0,30.0,10
5,2,0.2,4,15,2.0,30.0,10
4,2,0.2,4,15,1.0,15.0,8
4,2,0.2,4,20,1.0,20.0,8
4,2,0.2,4,25,1.0,25.0,8
4,2,0.2,4,30,1.0,30.0,8
4,2,0.2,4,35,1.0,35.0,8
4,2,0.2,4,40,1.0,40.0,8
4,2,0.2,4,45,1.0,45.0,8
4,2,0.2,4,50,1.0,50.0,8
4,3,0.2,4,15,60.0,900.0,12
4,3,0.2,4,20,10.0,200.0,12
4,3,0.2,4,25,3.0,75.0,12
4,3,0.2,4,30,3.0,90.0,12
4,3,0.2,4,35,3.0,105.0,12
4,3,0.2,4,40,7.0,280.0,12
4,3,0.2,4,45,16.0,720.0,12
4,3,0.2,4,50,4.0,200.0,12
4,4,0.2,4,15,40.0,600.0,16
4,4,0.2,4,25,23.0,575.0,16
4,4,0.2,4,30,7.0,210.0,16
4,4,0.2,4,35,11.0,385.0,16
4,4,0.2,4,40,9.0,360.0,16
4,4,0.2,4,45,13.0,585.0,16
4,4,0.2,4,50,7.0,350.0,16
4,5,0.2,4,15,16.0,240.0,20
4,5,0.2,4,25,17.0,425.0,20
4,5,0.2,4,30,7.0,210.0,20
4,5,0.2,4,35,3.0,105.0,20
4,5,0.2,4,40,5.0,200.0,20
4,5,0.2,4,45,5.0,225.0,20
4,5,0.2,4,50,13.0,650.0,20
5,2,0.2,4,15,2.0,30.0,10
5,2,0.2,4,20,2.0,40.0,10
5,2,0.2,4,25,1.0,25.0,10
5,2,0.2,4,30,2.0,60.0,10
5,2,0.2,4,35,2.0,70.0,10
5,2,0.2,4,40,2.0,80.0,10
5,2,0.2,4,45,2.0,90.0,10
5,2,0.2,4,50,2.0,100.0,10
5,3,0.2,4,15,17.0,255.0,15
5,3,0.2,4,20,14.0,280.0,15
5,3,0.2,4,25,12.0,300.0,15
5,3,0.2,4,30,2.0,60.0,15
5,3,0.2,4,35,25.0,875.0,15
5,3,0.2,4,40,1.0,40.0,15
5,3,0.2,4,45,1.0,45.0,15
5,3,0.2,4,50,12.0,600.0,15
5,4,0.2,4,15,9.0,135.0,20
5,4,0.2,4,20,33.0,660.0,20
5,4,0.2,4,30,16.0,480.0,20
5,4,0.2,4,40,16.0,640.0,20
5,4,0.2,4,45,8.0,360.0,20
5,4,0.2,4,50,19.0,950.0,20
5,5,0.2,4,15,54.0,810.0,25
5,5,0.2,4,25,62.0,1550.0,25
5,5,0.2,4,30,18.0,540.0,25
5,5,0.2,4,35,33.0,1155.0,25
5,5,0.2,4,40,38.0,1520.0,25
5,5,0.2,4,45,34.0,1530.0,25
